trade_id,traded_at,instrument,side,quantity,price,gross_amount,state
T-1001,2025-07-01T09:15:00Z,BTC-USD,BUY,0.50,62000.00,31000.00,SETTLED
T-1002,2025-07-01T09:20:00Z,ETH-USD,BUY,10.00,3400.00,34000.00,SETTLED
T-1003,2025-07-01T09:25:00Z,SOL-USD,SELL,300.00,146.00,43800.00,SETTLED
T-1004,2025-07-01T09:30:00Z,BTC-USD,BUY,0.20,63200.00,12640.00,SETTLED
T-1005,2025-07-01T09:35:00Z,ETH-USD,SELL,5.00,3400.00,17000.00,SETTLED
T-1006,2025-07-01T09:40:00Z,SOL-USD,BUY,100.00,149.00,14900.00,CANCELLED
T-1007,2025-07-01T09:45:00Z,BTC-USD,BUY,0.10,63000.00,6300.00,SETTLED
T-1008,2025-07-01T09:50:00Z,ETH-USD,BUY,2.00,3400.00,6800.00,SETTLED
T-1009,2025-07-01T09:55:00Z,SOL-USD,SELL,50.00,146.00,7300.00,SETTLED
